thread_root_uri,thread_root_author,target_post_uri,target_post_author,target_post_text,target_likes,target_replies,target_reposts,target_quotes,target_created_at,parent_1_uri,parent_1_author,parent_1_text,parent_1_likes,parent_1_replies,parent_1_reposts,parent_1_quotes,parent_1_created_at,parent_2_uri,parent_2_author,parent_2_text,parent_2_likes,parent_2_replies,parent_2_reposts,parent_2_quotes,parent_2_created_at,parent_3_uri,parent_3_author,parent_3_text,parent_3_likes,parent_3_replies,parent_3_reposts,parent_3_quotes,parent_3_created_at,reply_1_uri,reply_1_author,reply_1_text,reply_1_likes,reply_1_replies,reply_1_reposts,reply_1_quotes,reply_1_created_at,reply_2_uri,reply_2_author,reply_2_text,reply_2_likes,reply_2_replies,reply_2_reposts,reply_2_quotes,reply_2_created_at,reply_3_uri,reply_3_author,reply_3_text,reply_3_likes,reply_3_replies,reply_3_reposts,reply_3_quotes,reply_3_created_at
at://did:plc:tl3hglyjtz64fuqm3sikpgkv/app.bsky.feed.post/3laphld5qsc2i,nukularbiskits.bsky.social,at://did:plc:gjwzpjqrolgnm5xnovjv7d63/app.bsky.feed.post/3lapiuqhbc22w,weftage.bsky.social,Curating your Bluesky timeline so that you have some refuge from the rain of bullshit isn't creating an echo chamber. You're just creating an umbrella. In the scheme of things the umbrella is probably...,1,0,0,0,2024-11-11T23:46:24.927Z,at://did:plc:tl3hglyjtz64fuqm3sikpgkv/app.bsky.feed.post/3laphld5qsc2i,nukularbiskits.bsky.social,"1/ Serious question for anyone who follows me ‚Ä¶ or anyone who just wants to weigh in (except any trolls):

How do I keep avoid being trapped in and be...",0,4,0,1,2024-11-11T23:23:15.254Z,,,,,,,,,,,,,,,,,,,,,,,,,,,,,,,,,,,,,,,,
at://did:plc:oazod3zfweyhy4cmyoa4yxqv/app.bsky.feed.post/3laph2qd3kk2g,stevepeers.bsky.social,at://did:plc:oazod3zfweyhy4cmyoa4yxqv/app.bsky.feed.post/3laphxsnppk2g,stevepeers.bsky.social,"An FT article in September saying BlueSky was an echo chamber like a Stokey drinks party: Nazis were mentioned, Americans were bemused, reaction was hostile and the author was the main character here ...",2,2,0,0,2024-11-11T23:30:14.158Z,at://did:plc:oazod3zfweyhy4cmyoa4yxqv/app.bsky.feed.post/3laph2qd3kk2g,stevepeers.bsky.social,Should...should we fill her in on the Stoke Newington drinks parties discourse...,53,7,1,0,2024-11-11T23:13:58.634Z,at://did:plc:wyoqqalmgy3qnnscxksz4ldt/app.bsky.feed.post/3laphpqxfus2y,james.claims,wait what stokey discourse did I miss...,0,1,0,0,2024-11-11T23:25:43.944Z,,,,,,,,,at://did:plc:wyoqqalmgy3qnnscxksz4ldt/app.bsky.feed.post/3lapi6epbkk2y,james.claims,"ohhhhh yeah i forgot cos I blocked the author immediately, I have no time for the hand wringing of actually we should be able to say transphobic thing...",0,0,0,0,2024-11-11T23:33:54.411Z,at://did:plc:b7loios3gmw3pui4ijvs55ut/app.bsky.feed.post/3laqjo7ho6c2v,stephen1958.bsky.social,"People as far away as Kent also bemused, and had to search on Google maps for Stoke Newington....",0,1,0,0,2024-11-12T09:33:19.269Z,,,,,,,,
at://did:plc:zxriru6jnpzkbnux5ey6pcgv/app.bsky.feed.post/3laphrsdbdc2w,lilseb93.bsky.social,at://did:plc:zxriru6jnpzkbnux5ey6pcgv/app.bsky.feed.post/3laphrsdbdc2w,lilseb93.bsky.social,"Just because I don't see racism, sexism, homophobia, and transphobia on my TL on Bluesky doesn't make it an echo chamber. That just makes it good. If having to live in a bubble keeps me away from horr...",123,13,6,2,2024-11-11T23:26:52.490Z,,,,,,,,,,,,,,,,,,,,,,,,,at://did:plc:wvj77lpvtufet76t2kgbxgk4/app.bsky.feed.post/3lapilmznek22,chrisjamessauve.bsky.social,Exactly....,1,0,0,0,2024-11-11T23:41:19.347Z,at://did:plc:vpd7cg5sdawauvqoq2lbjfaw/app.bsky.feed.post/3laqgmwkx332z,kerron.bsky.social,"For real though, why does it even matter if you're even in an ""echo chamber"" 

I want to surround myself with people who have similar values because m...",4,1,0,0,2024-11-12T08:38:54.437Z,at://did:plc:ultiwxuoaxmdgv4pbt6r4fxq/app.bsky.feed.post/3laplz6v7d22x,kittiesplease.bsky.social,My sentiments exactly üíØ...,1,0,0,0,2024-11-12T00:42:35.509Z
at://did:plc:tl3hglyjtz64fuqm3sikpgkv/app.bsky.feed.post/3laphld5qsc2i,nukularbiskits.bsky.social,at://did:plc:tl3hglyjtz64fuqm3sikpgkv/app.bsky.feed.post/3laphld5qsc2i,nukularbiskits.bsky.social,"1/ Serious question for anyone who follows me ‚Ä¶ or anyone who just wants to weigh in (except any trolls):

How do I keep avoid being trapped in and becoming part of an echo chamber now that I‚Äôve moved...",0,4,0,1,2024-11-11T23:23:15.254Z,,,,,,,,,,,,,,,,,,,,,,,,,at://did:plc:xxvgzkdjdcpo5pjtkrk4ttuv/app.bsky.feed.post/3lapqtykizs2r,lesleyzeelesley.bsky.social,I've followed some folks from different 'starter packs' and already see posts from views opposite mine.  That might be one way to stay free of echo ch...,0,0,0,0,2024-11-12T02:09:09.804Z,at://did:plc:tl3hglyjtz64fuqm3sikpgkv/app.bsky.feed.post/3laphln6v622i,nukularbiskits.bsky.social,"2/ On Twitter, I was exposed to a LOT of ‚Äúconservative‚Äù viewpoints (being kind here), including those that represented official positions & policies o...",1,1,0,0,2024-11-11T23:23:25.776Z,at://did:plc:gjwzpjqrolgnm5xnovjv7d63/app.bsky.feed.post/3lapiuqhbc22w,weftage.bsky.social,Curating your Bluesky timeline so that you have some refuge from the rain of bullshit isn't creating an echo chamber. You're just creating an umbrella...,1,0,0,0,2024-11-11T23:46:24.927Z
at://did:plc:z2gio2pmy5j3inj3ahsxq34z/app.bsky.feed.post/3lapgtodigc2m,lloydal.bsky.social,at://did:plc:z2gio2pmy5j3inj3ahsxq34z/app.bsky.feed.post/3lapgtodigc2m,lloydal.bsky.social,"I fully support this.

It's funny that those ""people"" thought of BlueSky as an echo chamber but Twitter is starting to become the latter....",0,0,0,0,2024-11-11T23:10:01.669Z,,,,,,,,,,,,,,,,,,,,,,,,,,,,,,,,,,,,,,,,,,,,,,,,
at://did:plc:ox7imszawnevcvgitz4mwopw/app.bsky.feed.post/3lapejt3sg22y,helexzura.bsky.social,at://did:plc:hhjjq3ogttdfjbfhtq6ojuey/app.bsky.feed.post/3lapfmaneqk2w,rpjj.bsky.social,"I can understand the echo chamber bit kind of. On twitter, I would almost never get engagement on my own posts, but here I get way more compared to twitter. But I‚Äôve also only used Bluesky for a few d...",1,0,0,0,2024-11-11T22:47:58.690Z,at://did:plc:ox7imszawnevcvgitz4mwopw/app.bsky.feed.post/3lapejt3sg22y,helexzura.bsky.social,"Not sure where this notion of ‚Äúblue sky is an echo chamber‚Äù comes from. I have a lot of people that disagree with some of the stuff I say. 

There are...",150,30,6,0,2024-11-11T22:28:43.632Z,,,,,,,,,,,,,,,,,,,,,,,,,,,,,,,,,,,,,,,,
at://did:plc:biqxizs5tbtv43zr7b7czlxh/app.bsky.feed.post/3lapfglqrfc2i,dj-lys.bsky.social,at://did:plc:biqxizs5tbtv43zr7b7czlxh/app.bsky.feed.post/3lapfglqrfc2i,dj-lys.bsky.social,"Bluesky starter packs are just a way to jump start your echo chamber...

How about you just take the time to get to know people on your own instead of having somebody else categorize & file people for...",0,0,0,0,2024-11-11T22:44:49.010Z,,,,,,,,,,,,,,,,,,,,,,,,,,,,,,,,,,,,,,,,,,,,,,,,
at://did:plc:gq5adt4jkkhtdoiitslt226q/app.bsky.feed.post/3lapdwgsct22n,yimbyland.com,at://did:plc:gq5adt4jkkhtdoiitslt226q/app.bsky.feed.post/3lapdzrb6e22n,yimbyland.com,"Threads feels more hollow, idk how to describe it.

Bluesky is finally coming into its own. A lot more people are here now. Be careful letting it turn into an echo chamber for yourself tho....",38,3,0,0,2024-11-11T22:19:44.841Z,at://did:plc:gq5adt4jkkhtdoiitslt226q/app.bsky.feed.post/3lapdwgsct22n,yimbyland.com,"I think I can officially say 
Bluesky >> Threads...",143,9,3,0,2024-11-11T22:17:53.205Z,,,,,,,,,,,,,,,,,at://did:plc:ukwirhsmzxoyociohbgp3gi2/app.bsky.feed.post/3lapihxytf22s,realfrootjuice.bsky.social,I find threads is more interested in telling me what accounts I don't follow have to say....,0,0,0,0,2024-11-11T23:39:16.636Z,at://did:plc:mx65tgbxmmn6jdmnx63rayw2/app.bsky.feed.post/3lape64w47m23,ckshowalter.bsky.social,Threads echos. It‚Äôs rare I get a reply even from friends....,2,0,0,0,2024-11-11T22:22:11.278Z,at://did:plc:dtveljkrkzmnpgq3wqe2e5bz/app.bsky.feed.post/3lapehdrjws2a,thisisbenphelps.bsky.social,Apparently some people really want that...,0,0,0,0,2024-11-11T22:27:20.299Z
at://did:plc:vogte65axm52kf7as66hb7og/app.bsky.feed.post/3lapdvkwetc2n,fizzvstheworld.bsky.social,at://did:plc:vogte65axm52kf7as66hb7og/app.bsky.feed.post/3lapdvkwetc2n,fizzvstheworld.bsky.social,"When Blue Checks on the other site say that BlueSky is an ""echo chamber"":
#FizzVsGaming...",3,0,1,0,2024-11-11T22:17:23.972Z,,,,,,,,,,,,,,,,,,,,,,,,,,,,,,,,,,,,,,,,,,,,,,,,
at://did:plc:e3xkjtk67cvvjkaiwmhfd2kh/app.bsky.feed.post/3lapdiadwes2j,vyhtheas.bsky.social,at://did:plc:e3xkjtk67cvvjkaiwmhfd2kh/app.bsky.feed.post/3lapdiadwes2j,vyhtheas.bsky.social,"People are calling BlueSky an echo chamber, and it's just endless chaos of memes and art and more beautiful than Twitter will ever be...",18,0,3,0,2024-11-11T22:09:56.679Z,,,,,,,,,,,,,,,,,,,,,,,,,,,,,,,,,,,,,,,,,,,,,,,,
at://did:plc:llovslinz2hv4clmpqolaupu/app.bsky.feed.post/3lapcsehjsk2t,bvrlytweetmaker.bsky.social,at://did:plc:llovslinz2hv4clmpqolaupu/app.bsky.feed.post/3lapcsehjsk2t,bvrlytweetmaker.bsky.social,"Went back to twitter and saw a libertarian mutual post something like ""all you folks leaving for Bluesky, enjoy your echo chamber!"" I'm laughing at the thought that uninformed asshats yelling at you i...",16,3,0,0,2024-11-11T21:57:42.795Z,,,,,,,,,,,,,,,,,,,,,,,,,at://did:plc:nnhxopnao44thtmwwz3n3lxx/app.bsky.feed.post/3lapdpa22wc2l,ches.baby,Anyone who believes that social media is a good place for well-reasoned intellectual debate is very misguided...,1,0,0,0,2024-11-11T22:13:51.238Z,at://did:plc:mqlzqbywkf4rzykpveji7r3c/app.bsky.feed.post/3laqztprlyc2g,barryfischer.bsky.social,"All you leaving for Bluesky, enjoy your echo chamber echo chamber echo chamber‚Ä¶...",0,0,0,0,2024-11-12T14:22:44.014Z,at://did:plc:llovslinz2hv4clmpqolaupu/app.bsky.feed.post/3lapcwmzpj22t,bvrlytweetmaker.bsky.social,Also I fucking go to bars. In real life. I talk to all sorts of people there....,4,1,0,0,2024-11-11T22:00:05.997Z
at://did:plc:mnpxsw4nrnusoufoaoegaole/app.bsky.feed.post/3lapbuat2a226,tonybjohnson.bsky.social,at://did:plc:mnpxsw4nrnusoufoaoegaole/app.bsky.feed.post/3lapbuat2a226,tonybjohnson.bsky.social,"Hi Bluesky! I am incredibly butthurt that my candidate lost so I've shuttled off to this echo chamber to wash myself in cognitive reinforcement. Also, I have a degree which means that I'm good at foll...",1,1,0,0,2024-11-11T21:40:52.344Z,,,,,,,,,,,,,,,,,,,,,,,,,,,,,,,,,,,,,,,,,,,,,,,,
at://did:plc:2oati2yu4ubwmzj743h4dlhs/app.bsky.feed.post/3lap7ct2x7m2y,nathanjingst.bsky.social,at://did:plc:w5ets5gtnyakzslgui47zsln/app.bsky.feed.post/3lapbkbzhzs2d,jrmeadows.bsky.social,"Hopefully, there are people here with more conservative leaning opinions and bluesky is just doing a great job of removing propaganda. I think its important to have those with different viewpoints so ...",1,0,0,0,2024-11-11T21:35:18.060Z,at://did:plc:2oati2yu4ubwmzj743h4dlhs/app.bsky.feed.post/3lap7ct2x7m2y,nathanjingst.bsky.social,"Wait, where's all the right wing propaganda? I thought all social media had that...",1,1,0,0,2024-11-11T20:55:20.014Z,,,,,,,,,,,,,,,,,,,,,,,,,,,,,,,,,,,,,,,,
at://did:plc:6wthaiuqiys3y7eztkpsdam2/app.bsky.feed.post/3lap4w2t2g42h,lepapillonblue.bsky.social,at://did:plc:elsi5ay5ij3izav3kriunae4/app.bsky.feed.post/3lapaoibhk22g,mzzrach.bsky.social,"I've only had a couple who were blocked straightaway. 

Loving Bluesky especially as the blue influx is ongoing right now. X will end up being an echo chamber of hate and nothing more....",2,0,0,0,2024-11-11T21:19:45.089Z,at://did:plc:6wthaiuqiys3y7eztkpsdam2/app.bsky.feed.post/3lap4w2t2g42h,lepapillonblue.bsky.social,Have you noticed the peace when there are no magats around? It‚Äôs lovely....,1991,150,155,9,2024-11-11T20:12:24.250Z,,,,,,,,,,,,,,,,,,,,,,,,,,,,,,,,,,,,,,,,
at://did:plc:vjjez2nq6btevgkok33fqxvr/app.bsky.feed.post/3lap75xortk27,msicism.bsky.social,at://did:plc:vjjez2nq6btevgkok33fqxvr/app.bsky.feed.post/3lap75xortk27,msicism.bsky.social,"The concern over block lists on Bluesky is just more misguided liberal claptrap. ‚ÄúDon‚Äôt be an echo chamber!‚Äù 

But there‚Äôs a point where argument must stop. YOU ARE UNDER NO OBLIGATION TO ARGUE WITH S...",2,0,0,0,2024-11-11T20:52:37.086Z,,,,,,,,,,,,,,,,,,,,,,,,,,,,,,,,,,,,,,,,,,,,,,,,
at://did:plc:jgiahz7rudaytgyor3uh5udi/app.bsky.feed.post/3lap6fx34cs2b,jessej468.bsky.social,at://did:plc:jgiahz7rudaytgyor3uh5udi/app.bsky.feed.post/3lap6fx34cs2b,jessej468.bsky.social,"Yesterday, I had a troll on here claiming all I'm doing is hiding in an ""echo chamber.""
Interesting, because you could call any circle of friends and allies an ""echo chamber.""
What makes the differenc...",17,0,1,0,2024-11-11T20:39:11.136Z,,,,,,,,,,,,,,,,,,,,,,,,,,,,,,,,,,,,,,,,,,,,,,,,
at://did:plc:p567vy5k4fcgvscwqn3rrmql/app.bsky.feed.post/3laowlfvzys2z,mimi-k.bsky.social,at://did:plc:st4325ljqnkwdbst2uqwjr6m/app.bsky.feed.post/3lap5dhea7k2w,thirdfiddle.bsky.social,Typical judgment from the closeminded Bluesky echo chamber. Have you considered the possibility that dumpster water is delicious?...,2,1,0,0,2024-11-11T20:19:53.807Z,at://did:plc:p567vy5k4fcgvscwqn3rrmql/app.bsky.feed.post/3laowlfvzys2z,mimi-k.bsky.social,Then she asked where they got there news from...,48,5,12,15,2024-11-11T18:19:04.532Z,at://did:plc:smzoy5oeafc4s4vrnuivdqhn/app.bsky.feed.post/3laozashgys2v,chriscaple.bsky.social,"These responses are not dissimilar to saying ""I get my drinking water from a pothole next to a leaking dumpster in the alley behind my building after ...",11,1,1,0,2024-11-11T19:06:49.816Z,,,,,,,,,at://did:plc:smzoy5oeafc4s4vrnuivdqhn/app.bsky.feed.post/3lap6ngo5zc2k,chriscaple.bsky.social,I'm given to understand that the Department of Health & Human Services under RFK Jr will be mandating the drinking of one quart of fresh raw dumpster ...,3,1,0,0,2024-11-11T20:43:22.369Z,,,,,,,,,,,,,,,,
at://did:plc:itcqruu6tvm4sjbzffscuao6/app.bsky.feed.post/3laovq2q7i22o,elivalley.bsky.social,at://did:plc:hbcal7dpdi22xnh4jneqjn4z/app.bsky.feed.post/3lap2js67f52o,getradified.net,I am pretty convinced that most people on here explicitly do not want to engage with the outside world. Like I‚Äôve always considered the whole ‚Äúecho chamber‚Äù notion of social media self-organization to...,12,1,0,0,2024-11-11T19:29:45.244Z,at://did:plc:itcqruu6tvm4sjbzffscuao6/app.bsky.feed.post/3laovq2q7i22o,elivalley.bsky.social,"Trying to reduce posting on the Nazi site, but keeping up on news/propaganda isn't yet possible outside of it. E.g. Amsterdam this wknd‚ÄîI saw almost n...",365,18,33,3,2024-11-11T18:03:46.841Z,at://did:plc:itcqruu6tvm4sjbzffscuao6/app.bsky.feed.post/3laovtfmzcc2o,elivalley.bsky.social,"I don't know how other people do it‚Äîe.g., if you just lurk there and post here‚Äîbut it's a bit disorienting, esp during cataclysm....",112,7,2,0,2024-11-11T18:05:38.933Z,at://did:plc:itcqruu6tvm4sjbzffscuao6/app.bsky.feed.post/3lap2gtat3s2o,elivalley.bsky.social,"Some replies are saying this is self-fulfilling because we haven't all deactivated, but this isn't what I'm talking about. I'm thinking of the immedia...",92,3,4,0,2024-11-11T19:28:05.715Z,at://did:plc:odc7p5pe7kya6h3rwixmvun5/app.bsky.feed.post/3lapbqx3ev22t,neinmc.bsky.social,"""Welcome to the Good Site! We're better, because on here we don't just not interact with people who are pRobLeMaTiC; ideally, they aren't even here in...",1,0,0,0,2024-11-11T21:39:01.468Z,,,,,,,,,,,,,,,,
at://did:plc:p4pfu7nk5awf2jgkhwkjyf6g/app.bsky.feed.post/3laoyfi7uas2w,mvonschantz.bsky.social,at://did:plc:p4pfu7nk5awf2jgkhwkjyf6g/app.bsky.feed.post/3laoyfi7uas2w,mvonschantz.bsky.social,"Agree! Although I also suspect that it's connected with why I approve of Bluesky over Xitter, which shamelessly collects information about me to present me with instructions about how to build my own ...",1,0,0,0,2024-11-11T18:51:33.110Z,,,,,,,,,,,,,,,,,,,,,,,,,,,,,,,,,,,,,,,,,,,,,,,,
at://did:plc:h7jgurd6ofm4gyg2gade6nob/app.bsky.feed.post/3laoxhdaljs22,dvdbutler.bsky.social,at://did:plc:h7jgurd6ofm4gyg2gade6nob/app.bsky.feed.post/3laoxhdaljs22,dvdbutler.bsky.social,"Some Bluesky residents really think that this platform is just their echo chamber and it's really disturbing. 

There are still feeds on here via the 'Discover' option and you can search for hot topic...",0,1,0,0,2024-11-11T18:34:41.260Z,,,,,,,,,,,,,,,,,,,,,,,,,at://did:plc:h7jgurd6ofm4gyg2gade6nob/app.bsky.feed.post/3laoxnan7xk22,dvdbutler.bsky.social,"Also, I know everyone was burned pretty hard by Twitter, but even before Musk, you were encouraged to engage with each other on SOCIAL MEDIA and anyth...",0,1,0,0,2024-11-11T18:37:59.855Z,,,,,,,,,,,,,,,,
at://did:plc:mdjo5t63hdnfe5qaykvlsmax/app.bsky.feed.post/3laovytoiwk25,briantransplant.com,at://did:plc:mdjo5t63hdnfe5qaykvlsmax/app.bsky.feed.post/3laovytoiwk25,briantransplant.com,"I keep seeing the term ""echo chamber"" used to describe Bluesky, by debate bros who aren't getting the rage dopamine they want.

That means the blocking is working. Keep it up!...",18,2,0,0,2024-11-11T18:08:41.434Z,,,,,,,,,,,,,,,,,,,,,,,,,at://did:plc:zrjsyhxotzx5febx5cn4gkjb/app.bsky.feed.post/3laowmpzuuc2h,davelikesska.bsky.social,"I quite like mostly seeing things I agree with actually. If I'm in the physical presence of opinions I don't like, why should I stand there and listen...",2,1,0,0,2024-11-11T18:19:48.700Z,at://did:plc:pwm4rmtcs4su7ybv5rxtmrsg/app.bsky.feed.post/3laow2nvn2c2z,mxdshipwreck.bsky.social,And micro-celebs who are angry that their contrarian hot take isn't getting 11k likes the way it would over on Nazi Central...,6,0,0,0,2024-11-11T18:09:42.486Z,,,,,,,,
at://did:plc:vynz4eygaibtbdaquicjyygp/app.bsky.feed.post/3laovxpav4s2o,12bly.bsky.social,at://did:plc:vynz4eygaibtbdaquicjyygp/app.bsky.feed.post/3laovxpav4s2o,12bly.bsky.social,"""With Bluesky, the social media echo chamber is back in vogue"", Financial Times www.ft.com/content/6596......",1,0,0,0,2024-11-11T18:08:03.240Z,,,,,,,,,,,,,,,,,,,,,,,,,,,,,,,,,,,,,,,,,,,,,,,,
at://did:plc:3r6c5gqofkxxqssq25x4xdge/app.bsky.feed.post/3laovp62jbc2i,andipandipie.bsky.social,at://did:plc:3r6c5gqofkxxqssq25x4xdge/app.bsky.feed.post/3laovp62jbc2i,andipandipie.bsky.social,"New to Bluesky. Escaping the echo chamber of hate!!

Starting off with pics of our sweet rescue, Hazel!üíô...",9,1,0,0,2024-11-11T18:03:16.767Z,,,,,,,,,,,,,,,,,,,,,,,,,at://did:plc:z6suji3yveg6nzq2nu2suup3/app.bsky.feed.post/3laqu3bm7oc2y,andicougevan.bsky.social,Bingo and Bella looking down on us as cats are want to do....,1,1,0,0,2024-11-12T12:39:35.138Z,,,,,,,,,,,,,,,,
